Quantity,Name,Simple Name,Set,Card Number,Set Code,Printing,Condition,Language,Rarity,Product ID,SKU
1,Adventurer's Discovery,Adventurer's Discovery,SWSH08: Fusion Strike,224/264,SWSH08,Normal,Near Mint,English,Uncommon,253089,5262570
1,Agatha,Agatha,SWSH06: Chilling Reign,129/198,SWSH06,Normal,Near Mint,English,Uncommon,241811,5035120
1,Aipom - 145/182,Aipom,SV04: Paradox Rift,145/182,SV04,Normal,Near Mint,English,Common,523826,7496628
1,Alolan Grimer,Alolan Grimer,SM - Team Up,83/181,SM9,Normal,Near Mint,English,Common,183861,3963164
1,Alolan Rattata,Alolan Rattata,SM - Burning Shadows,81/147,SM03,Normal,Near Mint,English,Common,138569,3443499
2,Altaria,Altaria,SWSH12: Silver Tempest,143/195,SWSH12,Normal,Near Mint,English,Uncommon,451793,6671507
1,Altaria,Altaria,SV03: Obsidian Flames,160/197,SV03,Normal,Near Mint,English,Uncommon,509663,7335113
1,Anorith,Anorith,SWSH12: Silver Tempest,095/195,SWSH12,Normal,Near Mint,English,Uncommon,451749,6671092
1,Applin,Applin,SWSH07: Evolving Skies,017/203,SWSH07,Normal,Near Mint,English,Common,246832,5150878
3,Araquanid,Araquanid,SWSH12: Silver Tempest,048/195,SWSH12,Normal,Near Mint,English,Uncommon,451696,6670632
1,Aron,Aron,SM - Unbroken Bonds,123/214,SM10,Normal,Near Mint,English,Common,189222,4009433
1,Avery,Avery,SWSH06: Chilling Reign,130/198,SWSH06,Normal,Near Mint,English,Uncommon,241814,5035140
1,Azumarill,Azumarill,SV02: Paldea Evolved,045/193,SV02,Normal,Near Mint,English,Uncommon,497456,7158423
1,Bagon,Bagon,SWSH07: Evolving Skies,107/203,SWSH07,Normal,Near Mint,English,Common,246907,5151473
1,Ball Guy,Ball Guy,Shining Fates,057/072,SHF,Normal,Near Mint,English,Uncommon,232540,4780350
1,Baltoy,Baltoy,SWSH05: Battle Styles,057/163,SWSH05,Normal,Near Mint,English,Common,234223,4821814
1,Baltoy,Baltoy,SWSH12: Silver Tempest,093/195,SWSH12,Normal,Near Mint,English,Common,451747,6671072
1,Basic Psychic Energy,Basic Psychic Energy,SV01: Scarlet & Violet Base Set,005,SV1,Normal,Near Mint,English,Common,475429,6909936
1,Battle VIP Pass,Battle VIP Pass,SWSH08: Fusion Strike,225/264,SWSH08,Normal,Near Mint,English,Uncommon,253091,5262585
2,Beheeyem,Beheeyem,SWSH12: Silver Tempest,080/195,SWSH12,Normal,Near Mint,English,Uncommon,451734,6670947
1,Bisharp,Bisharp,SV03: Obsidian Flames,149/197,SV03,Normal,Near Mint,English,Common,509936,7337093
1,Blissey,Blissey,McDonald's Promos 2023,012/015,M23,Normal,Near Mint,English,Rare,516523,7431201
4,Blitzle,Blitzle,SWSH06: Chilling Reign,050/198,SWSH06,Normal,Near Mint,English,Common,241707,5034285
1,Blitzle,Blitzle,SM - Team Up,44/181,SM9,Reverse Holofoil,Near Mint,English,Common,183819,3962784
1,Blitzle - 062/182,Blitzle,SV04: Paradox Rift,062/182,SV04,Normal,Near Mint,English,Uncommon,523675,7495517
1,Bombirdier - 138/198,Bombirdier,SV01: Scarlet & Violet Base Set,138/198,SV1,Normal,Near Mint,English,Uncommon,488026,7025299
1,Bounsweet,Bounsweet,SWSH06: Chilling Reign,013/198,SWSH06,Normal,Near Mint,English,Common,241662,5033890
1,Bounsweet,Bounsweet,SV04: Paradox Rift,008/182,SV04,Normal,Near Mint,English,Common,523607,7494927
1,Bounsweet,Bounsweet,SV03: Obsidian Flames,016/197,SV03,Normal,Near Mint,English,Common,509734,7335524
1,Bramblin - 023/193,Bramblin,SV02: Paldea Evolved,023/193,SV02,Normal,Near Mint,English,Common,497434,7158313
1,Brock's Grit,Brock's Grit,Hidden Fates,53/68,HIF,Normal,Near Mint,English,Uncommon,197700,4169544
1,Buff Padding,Buff Padding,SM - Team Up,136/181,SM9,Normal,Near Mint,English,Uncommon,183926,3963724
3,Buneary,Buneary,SWSH12: Silver Tempest,144/195,SWSH12,Normal,Near Mint,English,Common,451794,6671517
1,Cacnea,Cacnea,SWSH05: Battle Styles,004/163,SWSH05,Normal,Near Mint,English,Common,234040,4816229
1,Camerupt,Camerupt,SV03: Obsidian Flames,032/197,SV03,Normal,Near Mint,English,Uncommon,509728,7335469
1,Canceling Cologne,Canceling Cologne,SWSH10: Astral Radiance,136/189,SWSH10,Normal,Near Mint,English,Uncommon,272388,5594936
1,Capturing Aroma,Capturing Aroma,SWSH12: Silver Tempest,153/195,SWSH12,Normal,Near Mint,English,Uncommon,451801,6671587
1,Carvanha,Carvanha,SWSH07: Evolving Skies,035/203,SWSH07,Normal,Near Mint,English,Common,246839,5150928
1,Castform Rainy Form,Castform Rainy Form,SWSH06: Chilling Reign,033/198,SWSH06,Normal,Near Mint,English,Common,241686,5034105
1,Caterpie,Caterpie,SWSH02: Rebel Clash,001/192,SWSH02,Normal,Near Mint,English,Common,213071,4409950
1,Cetitan,Cetitan,SV01: Scarlet & Violet Base Set,060/198,SV1,Normal,Near Mint,English,Uncommon,487912,7024625
1,Cetitan - 055/193,Cetitan,SV02: Paldea Evolved,055/193,SV02,Normal,Near Mint,English,Uncommon,497466,7158473
1,Cetoddle - 058/198,Cetoddle,SV01: Scarlet & Violet Base Set,058/198,SV1,Normal,Near Mint,English,Common,487908,7024605
1,Cetoddle - 059/198,Cetoddle,SV01: Scarlet & Violet Base Set,059/198,SV1,Normal,Near Mint,English,Common,487910,7024615
1,Chandelure,Chandelure,SV03: Obsidian Flames,038/197,SV03,Normal,Near Mint,English,Uncommon,509742,7335568
1,Charcadet - 038/193,Charcadet,SV02: Paldea Evolved,038/193,SV02,Normal,Near Mint,English,Common,497449,7158388
1,Charcadet - 039/193,Charcadet,SV02: Paldea Evolved,039/193,SV02,Normal,Near Mint,English,Common,497450,7158393
1,Charmander,Charmander,Hidden Fates,Jul-68,HIF,Normal,Near Mint,English,Common,197649,4169107
1,Charmander,Charmander,SV03: Obsidian Flames,026/197,SV03,Normal,Near Mint,English,Common,509703,7335315
1,Charmeleon,Charmeleon,SM - Burning Shadows,19/147,SM03,Normal,Near Mint,English,Uncommon,138485,3442729
1,Charmeleon - 8/68 (#15 Charizard Stamped),Charmeleon,Battle Academy,008/068,BTA,Normal,Near Mint,English,Rare,219051,4514100
1,Chewtle,Chewtle,SWSH08: Fusion Strike,080/264,SWSH08,Normal,Near Mint,English,Common,253234,5265895
1,Chinchou - 8/15,Chinchou,McDonald's Promos 2022,008/015,MCD22,Normal,Near Mint,English,Rare,281491,5734058
1,Clauncher - 049/198,Clauncher,SV01: Scarlet & Violet Base Set,049/198,SV1,Normal,Near Mint,English,Common,487895,7024548
2,Clavell,Clavell,SV02: Paldea Evolved,177/193,SV02,Normal,Near Mint,English,Common,497549,7158908
1,Clefairy,Clefairy,SWSH11: Lost Origin,062/196,SWSH11,Normal,Near Mint,English,Common,283936,5786282
1,Clobbopus,Clobbopus,SWSH08: Fusion Strike,152/264,SWSH08,Normal,Near Mint,English,Common,253366,5266970
2,Combee,Combee,SV02: Paldea Evolved,008/193,SV02,Normal,Near Mint,English,Common,497419,7158238
1,Copycat,Copycat,SWSH07: Evolving Skies,143/203,SWSH07,Normal,Near Mint,English,Uncommon,246768,5150403
1,Corphish,Corphish,SWSH05: Battle Styles,038/163,SWSH05,Normal,Near Mint,English,Common,234174,4819879
1,Cosmog,Cosmog,SM - Team Up,69/181,SM9,Normal,Near Mint,English,Common,183847,3963029
2,Croagunk,Croagunk,SWSH12: Silver Tempest,109/195,SWSH12,Normal,Near Mint,English,Common,451763,6671222
1,Croagunk,Croagunk,SWSH08: Fusion Strike,165/264,SWSH08,Normal,Near Mint,English,Common,253379,5267065
1,Croagunk,Croagunk,SV01: Scarlet & Violet Base Set,130/198,SV1,Normal,Near Mint,English,Common,487056,7020420
1,Crobat,Crobat,SWSH12: Silver Tempest,105/195,SWSH12,Holofoil,Near Mint,English,Holo Rare,451759,6671187
1,Crocalor,Crocalor,SV01: Scarlet & Violet Base Set,037/198,SV1,Normal,Near Mint,English,Uncommon,487877,7024458
1,Crocalor - 036/193,Crocalor,SV02: Paldea Evolved,036/193,SV02,Normal,Near Mint,English,Uncommon,497447,7158378
1,Crushing Hammer,Crushing Hammer,Crown Zenith,125/159,CRZ,Normal,Near Mint,English,Uncommon,478166,6927345
3,Cryogonal,Cryogonal,SWSH07: Evolving Skies,043/203,SWSH07,Normal,Near Mint,English,Common,246865,5151143
1,Cursed Duster,Cursed Duster,SV04: Paradox Rift,161/182,SV04,Normal,Near Mint,English,Uncommon,523842,7496783
1,Damage Pump,Damage Pump,SWSH11: Lost Origin,156/196,SWSH11,Normal,Near Mint,English,Uncommon,284087,5787039
1,Dana,Dana,SM - Team Up,137/181,SM9,Normal,Near Mint,English,Uncommon,183927,3963734
1,Dancer,Dancer,SWSH08: Fusion Strike,232/264,SWSH08,Normal,Near Mint,English,Uncommon,253104,5262790
1,Dangerous Drill,Dangerous Drill,SM - Team Up,138/181,SM9,Normal,Near Mint,English,Uncommon,183930,3963754
1,Dark Patch,Dark Patch,SWSH10: Astral Radiance,139/189,SWSH10,Normal,Near Mint,English,Uncommon,272391,5594966
1,Darmanitan,Darmanitan,SV03: Obsidian Flames,035/197,SV03,Normal,Near Mint,English,Uncommon,509735,7335534
1,Dartrix,Dartrix,SV03: Obsidian Flames,014/197,SV03,Normal,Near Mint,English,Uncommon,509705,7335326
1,Darumaka,Darumaka,SM - Unbroken Bonds,23/214,SM10,Normal,Near Mint,English,Common,189066,4008188
1,Defiance Band,Defiance Band,SV01: Scarlet & Violet Base Set,169/198,SV1,Normal,Near Mint,English,Uncommon,488074,7025666
2,Deino,Deino,SWSH07: Evolving Skies,113/203,SWSH07,Normal,Near Mint,English,Common,246911,5151493
2,Dendra - 179/193,Dendra,SV02: Paldea Evolved,179/193,SV02,Normal,Near Mint,English,Uncommon,497551,7158918
1,Dewpider,Dewpider,SWSH08: Fusion Strike,019/264,SWSH08,Normal,Near Mint,English,Common,253102,5262775
1,Diggersby,Diggersby,SV03: Obsidian Flames,113/197,SV03,Normal,Near Mint,English,Uncommon,509836,7336345
1,Diglett,Diglett,SWSH06: Chilling Reign,076/198,SWSH06,Normal,Near Mint,English,Common,241741,5034565
1,Dolliv - 022/198,Dolliv,SV01: Scarlet & Violet Base Set,022/198,SV1,Normal,Near Mint,English,Common,487859,7024368
1,Drampa,Drampa,SV03: Obsidian Flames,161/197,SV03,Normal,Near Mint,English,Uncommon,509664,7335123
1,Dratini,Dratini,SV03: Obsidian Flames,157/197,SV03,Normal,Near Mint,English,Common,509636,7334936
1,Drednaw,Drednaw,SWSH08: Fusion Strike,081/264,SWSH08,Normal,Near Mint,English,Uncommon,253235,5265900
2,Drilbur,Drilbur,SWSH08: Fusion Strike,147/264,SWSH08,Normal,Near Mint,English,Common,253361,5266945
4,Drowzee,Drowzee,SWSH12: Silver Tempest,060/195,SWSH12,Normal,Near Mint,English,Common,451714,6670767
1,Ducklett,Ducklett,SWSH11: Lost Origin,046/196,SWSH11,Normal,Near Mint,English,Common,283920,5786202
1,Dwebble,Dwebble,SWSH07: Evolving Skies,011/203,SWSH07,Normal,Near Mint,English,Common,246825,5150823
1,Eelektrik,Eelektrik,SWSH11: Lost Origin,060/196,SWSH11,Normal,Near Mint,English,Uncommon,283934,5786272
1,Eelektross,Eelektross,SV03: Obsidian Flames,069/197,SV03,Normal,Near Mint,English,Uncommon,509835,7336335
1,Eevee,Eevee,SWSH08: Fusion Strike,205/264,SWSH08,Normal,Near Mint,English,Common,253300,5266465
1,Eevee,Eevee,SWSH07: Evolving Skies,125/203,SWSH07,Normal,Near Mint,English,Common,246847,5151003
1,Eevee,Eevee,SV03: Obsidian Flames,166/197,SV03,Normal,Near Mint,English,Common,509689,7335247
1,Eiscue - 048/193,Eiscue,SV02: Paldea Evolved,048/193,SV02,Normal,Near Mint,English,Uncommon,497459,7158438
1,Electabuzz,Electabuzz,SWSH05: Battle Styles,044/163,SWSH05,Normal,Near Mint,English,Common,234192,4820479
1,Electrike,Electrike,SWSH11: Lost Origin,054/196,SWSH11,Normal,Near Mint,English,Common,283928,5786242
1,Electrode,Electrode,Shining Legends,31/73,SHL,Reverse Holofoil,Near Mint,English,Uncommon,146684,3482233
7,Elgyem,Elgyem,SWSH12: Silver Tempest,079/195,SWSH12,Normal,Near Mint,English,Common,451733,6670937
1,Emergency Jelly,Emergency Jelly,SWSH12: Silver Tempest,155/195,SWSH12,Normal,Near Mint,English,Uncommon,451803,6671602
1,Energy Loto,Energy Loto,SWSH10: Astral Radiance,140/189,SWSH10,Normal,Near Mint,English,Uncommon,272392,5594976
1,Energy Retrieval,Energy Retrieval,SV01: Scarlet & Violet Base Set,171/198,SV1,Normal,Near Mint,English,Common,488076,7025686
1,Energy Search,Energy Search,SV01: Scarlet & Violet Base Set,172/198,SV1,Normal,Near Mint,English,Common,488077,7045151
1,Energy Switch,Energy Switch,SV01: Scarlet & Violet Base Set,173/198,SV1,Normal,Near Mint,English,Common,488078,7025696
1,Espathra,Espathra,SV01: Scarlet & Violet Base Set,103/198,SV1,Normal,Near Mint,English,Uncommon,487978,7024952
1,Espurr,Espurr,SWSH05: Battle Styles,060/163,SWSH05,Normal,Near Mint,English,Common,234232,4821889
1,Falinks,Falinks,SV02: Paldea Evolved,119/193,SV02,Normal,Near Mint,English,Common,497534,7158833
4,Falinks (155),Falinks,SWSH08: Fusion Strike,155/264,SWSH08,Normal,Near Mint,English,Common,253369,5266985
2,Falkner - 180/193,Falkner,SV02: Paldea Evolved,180/193,SV02,Normal,Near Mint,English,Uncommon,497552,7158923
1,Farfetch'd,Farfetch'd,Hidden Fates,45/68,HIF,Normal,Near Mint,English,Uncommon,197689,4169449
4,Feebas,Feebas,SWSH12: Silver Tempest,039/195,SWSH12,Normal,Near Mint,English,Common,451674,6670477
1,Feebas,Feebas,SV04: Paradox Rift,035/182,SV04,Normal,Near Mint,English,Common,523644,7495242
2,Fighting Au Lait,Fighting Au Lait,SV02: Paldea Evolved,181/193,SV02,Normal,Near Mint,English,Uncommon,497553,7158928
1,Fire-Resistant Gloves,Fire-Resistant Gloves,SWSH06: Chilling Reign,138/198,SWSH06,Normal,Near Mint,English,Uncommon,241831,5035265
1,Flannery,Flannery,SWSH06: Chilling Reign,139/198,SWSH06,Normal,Near Mint,English,Uncommon,241832,5035275
1,Fletchinder - 029/193,Fletchinder,SV02: Paldea Evolved,029/193,SV02,Normal,Near Mint,English,Uncommon,497440,7158343
4,Fletchling,Fletchling,SWSH12: Silver Tempest,150/195,SWSH12,Normal,Near Mint,English,Common,451799,6671567
1,Fletchling,Fletchling,SWSH07: Evolving Skies,138/203,SWSH07,Normal,Near Mint,English,Common,246879,5151258
1,Flittle - 100/198,Flittle,SV01: Scarlet & Violet Base Set,100/198,SV1,Normal,Near Mint,English,Common,487973,7024927
1,Floatzel,Floatzel,SV03: Obsidian Flames,049/197,SV03,Normal,Near Mint,English,Uncommon,509774,7335809
1,Floatzel,Floatzel,SV01: Scarlet & Violet Base Set,047/198,SV1,Normal,Near Mint,English,Uncommon,487893,7024538
1,Frillish,Frillish,SWSH05: Battle Styles,041/163,SWSH05,Normal,Near Mint,English,Common,234183,4820219
2,Froakie,Froakie,SV03: Obsidian Flames,056/197,SV03,Normal,Near Mint,English,Common,509803,7336080
1,Frogadier,Frogadier,SV03: Obsidian Flames,057/197,SV03,Normal,Near Mint,English,Uncommon,509805,7336100
3,Fuecoco - 034/193,Fuecoco,SV02: Paldea Evolved,034/193,SV02,Normal,Near Mint,English,Common,497445,7158368
1,Fuecoco - 035/193,Fuecoco,SV02: Paldea Evolved,035/193,SV02,Normal,Near Mint,English,Common,497446,7158373
1,Furfrou,Furfrou,SWSH06: Chilling Reign,126/198,SWSH06,Normal,Near Mint,English,Common,241808,5035090
1,Galarian Chestplate,Galarian Chestplate,SWSH06: Chilling Reign,141/198,SWSH06,Normal,Near Mint,English,Uncommon,241837,5035310
1,Galarian Darumaka,Galarian Darumaka,SWSH08: Fusion Strike,071/264,SWSH08,Normal,Near Mint,English,Common,253218,5265360
1,Galarian Farfetch'd,Galarian Farfetch'd,SWSH02: Rebel Clash,094/192,SWSH02,Normal,Near Mint,English,Common,213182,4410885
1,Galarian Linoone,Galarian Linoone,SWSH08: Fusion Strike,160/264,SWSH08,Normal,Near Mint,English,Uncommon,253374,5267015
1,Galarian Mr. Mime,Galarian Mr. Mime,SWSH02: Rebel Clash,037/192,SWSH02,Normal,Near Mint,English,Common,213115,4410320
1,Galarian Runerigus,Galarian Runerigus,SWSH02: Rebel Clash,102/192,SWSH02,Normal,Near Mint,English,Rare,213190,4410965
1,Galarian Slowking VMAX,Galarian Slowking VMAX,SWSH06: Chilling Reign,100/198,SWSH06,Holofoil,Near Mint,English,Ultra Rare,241773,5034820
1,Galarian Yamask,Galarian Yamask,SWSH06: Chilling Reign,082/198,SWSH06,Normal,Near Mint,English,Common,241749,5034630
1,Galarian Zigzagoon,Galarian Zigzagoon,SWSH08: Fusion Strike,159/264,SWSH08,Normal,Near Mint,English,Common,253373,5267005
1,Garganacl,Garganacl,SV02: Paldea Evolved,123/193,SV02,Holofoil,Near Mint,English,Rare,497538,7158853
1,Geeta - 188/197 (Regional Championships),Geeta,League & Championship Cards,188/197,PR,Reverse Holofoil,Near Mint,English,Rare,528464,7584347
1,Girafarig,Girafarig,SV02: Paldea Evolved,154/193,SV02,Normal,Near Mint,English,Common,497572,7159163
1,Gligar,Gligar,SWSH08: Fusion Strike,140/264,SWSH08,Normal,Near Mint,English,Common,253348,5266850
1,Gligar,Gligar,SWSH05: Battle Styles,071/163,SWSH05,Normal,Near Mint,English,Common,234247,4822369
1,Gliscor,Gliscor,SWSH05: Battle Styles,072/163,SWSH05,Normal,Near Mint,English,Uncommon,234248,4822379
1,Gloom,Gloom,SWSH11: Lost Origin,002/196,SWSH11,Normal,Near Mint,English,Uncommon,283862,5785442
1,Goldeen,Goldeen,SM - Unbroken Bonds,48/214,SM10,Normal,Near Mint,English,Common,189147,4008713
1,Gossifleur,Gossifleur,SWSH07: Evolving Skies,015/203,SWSH07,Normal,Near Mint,English,Common,246828,5150843
1,Grapploct V,Grapploct V,Champion's Path,32/73,CHP,Holofoil,Near Mint,English,Ultra Rare,223024,4592955
2,Great Ball,Great Ball,SV02: Paldea Evolved,183/193,SV02,Normal,Near Mint,English,Common,497555,7158938
1,Great Ball - 164/202 (Eevee Stamped),Great Ball,Battle Academy 2022,164/202,BA22,Normal,Near Mint,English,Rare,268247,5485784
1,Great Potion,Great Potion,SM - Unified Minds,198/236,SM11,Normal,Near Mint,English,Uncommon,195253,4145349
1,Grookey - 11/202 (Premium Collection),Grookey,Miscellaneous Cards & Products,011/202,MCAP,Holofoil,Near Mint,English,Rare,200312,4229714
1,Growlithe,Growlithe,SWSH08: Fusion Strike,032/264,SWSH08,Normal,Near Mint,English,Common,253129,5262990
1,Growlithe - 031/198,Growlithe,SV01: Scarlet & Violet Base Set,031/198,SV1,Normal,Near Mint,English,Common,487870,7024423
1,Grumpig,Grumpig,SWSH05: Battle Styles,056/163,SWSH05,Normal,Near Mint,English,Uncommon,234222,4821804
1,Grusha - 184/193,Grusha,SV02: Paldea Evolved,184/193,SV02,Normal,Near Mint,English,Uncommon,497556,7158943
1,Gurdurr,Gurdurr,SWSH05: Battle Styles,074/163,SWSH05,Normal,Near Mint,English,Uncommon,234250,4822399
2,Gutsy Pickaxe,Gutsy Pickaxe,SWSH10: Astral Radiance,145/189,SWSH10,Normal,Near Mint,English,Uncommon,272397,5595026
1,Gym Trainer,Gym Trainer,Shining Fates,059/072,SHF,Normal,Near Mint,English,Uncommon,232536,4780325
1,Hariyama,Hariyama,SWSH11: Lost Origin,098/196,SWSH11,Normal,Near Mint,English,Uncommon,283988,5786547
1,Heatmor,Heatmor,SV03: Obsidian Flames,039/197,SV03,Normal,Near Mint,English,Common,509744,7335579
2,Herdier,Herdier,SWSH07: Evolving Skies,134/203,SWSH07,Normal,Near Mint,English,Uncommon,246869,5151178
1,Hisuian Goodra VSTAR,Hisuian Goodra VSTAR,SWSH11: Lost Origin,136/196,SWSH11,Holofoil,Near Mint,English,Ultra Rare,284059,5786899
2,Hisuian Growlithe,Hisuian Growlithe,SWSH11: Lost Origin,083/196,SWSH11,Normal,Near Mint,English,Common,283967,5786442
1,Hisuian Heavy Ball,Hisuian Heavy Ball,SWSH10: Astral Radiance,146/189,SWSH10,Normal,Near Mint,English,Uncommon,272398,5595036
1,Honchkrow,Honchkrow,SWSH12: Silver Tempest,107/195,SWSH12,Normal,Near Mint,English,Uncommon,451761,6671207
1,Honchkrow,Honchkrow,SV02: Paldea Evolved,132/193,SV02,Normal,Near Mint,English,Uncommon,497593,7159753
1,Honey,Honey,SWSH06: Chilling Reign,142/198,SWSH06,Normal,Near Mint,English,Uncommon,241838,5035320
1,Hoppip,Hoppip,SV02: Paldea Evolved,001/193,SV02,Normal,Near Mint,English,Common,497412,7158203
1,Hoppip,Hoppip,SWSH07: Evolving Skies,002/203,SWSH07,Normal,Near Mint,English,Common,246814,5150748
2,Horsea,Horsea,Shining Fates,020/072,SHF,Normal,Near Mint,English,Common,232409,4779605
1,Houndoom - 034/198,Houndoom,SV01: Scarlet & Violet Base Set,034/198,SV1,Normal,Near Mint,English,Common,487874,7024443
1,Houndour - 033/198,Houndour,SV01: Scarlet & Violet Base Set,033/198,SV1,Normal,Near Mint,English,Common,487873,7024438
1,Houndour - 131/197,Houndour,SV03: Obsidian Flames,131/197,SV03,Normal,Near Mint,English,Common,509890,7336762
1,Houndstone,Houndstone,SV01: Scarlet & Violet Base Set,106/198,SV1,Holofoil,Near Mint,English,Rare,487983,7024977
1,Impidimp,Impidimp,SWSH08: Fusion Strike,176/264,SWSH08,Normal,Near Mint,English,Common,253390,5267175
1,Ingo & Emmet,Ingo & Emmet,SM - Team Up,144/181,SM9,Normal,Near Mint,English,Uncommon,183939,3963829
1,Inkay,Inkay,SV03: Obsidian Flames,137/197,SV03,Normal,Near Mint,English,Common,509901,7336833
1,Jasmine,Jasmine,SM - Team Up,145/181,SM9,Normal,Near Mint,English,Uncommon,183942,3963849
1,Jubilife Village,Jubilife Village,SWSH10: Astral Radiance,148/189,SWSH10,Normal,Near Mint,English,Uncommon,272400,5595056
2,Kirlia,Kirlia,McDonald's Promos 2023,015/015,M23,Normal,Near Mint,English,Rare,516526,7431216
1,Klawf,Klawf,McDonald's Promos 2023,011/015,M23,Holofoil,Near Mint,English,Rare,516522,7431196
1,Klefki,Klefki,SWSH08: Fusion Strike,186/264,SWSH08,Normal,Near Mint,English,Common,253335,5266750
3,Koffing,Koffing,Crown Zenith,075/159,CRZ,Normal,Near Mint,English,Common,478208,6927745
1,Koffing,Koffing,SWSH06: Chilling Reign,094/198,SWSH06,Normal,Near Mint,English,Common,241763,5034750
1,Kubfu,Kubfu,SWSH06: Chilling Reign,093/198,SWSH06,Normal,Near Mint,English,Common,241762,5034740
1,Lanturn,Lanturn,SWSH07: Evolving Skies,053/203,SWSH07,Normal,Near Mint,English,Uncommon,246893,5151373
1,Larvesta,Larvesta,SWSH06: Chilling Reign,023/198,SWSH06,Normal,Near Mint,English,Common,241675,5033995
1,Larvitar,Larvitar,SV02: Paldea Evolved,110/193,SV02,Normal,Near Mint,English,Common,497525,7158788
2,Lavender Town,Lavender Town,SM - Team Up,147/181,SM9,Normal,Near Mint,English,Uncommon,183945,3963874
1,Lechonk - 156/198,Lechonk,SV01: Scarlet & Violet Base Set,156/198,SV1,Normal,Near Mint,English,Common,488050,7025491
1,Ledian,Ledian,SWSH06: Chilling Reign,005/198,SWSH06,Normal,Near Mint,English,Uncommon,241652,5033810
1,Lickitung,Lickitung,SWSH11: Lost Origin,138/196,SWSH11,Normal,Near Mint,English,Common,284061,5786909
1,Lillipup,Lillipup,SV03: Obsidian Flames,170/197,SV03,Reverse Holofoil,Near Mint,English,Common,509707,7335342
1,Litleo,Litleo,SV02: Paldea Evolved,031/193,SV02,Normal,Near Mint,English,Common,498857,7186534
3,Lopunny,Lopunny,SWSH12: Silver Tempest,145/195,SWSH12,Normal,Near Mint,English,Uncommon,451795,6671527
1,Lotad,Lotad,SWSH07: Evolving Skies,032/203,SWSH07,Normal,Near Mint,English,Common,246829,5150848
1,Lt. Surge's Strategy,Lt. Surge's Strategy,Hidden Fates,60/68,HIF,Normal,Near Mint,English,Uncommon,197714,4169649
1,Lucario,Lucario,SV01: Scarlet & Violet Base Set,114/198,SV1,Normal,Near Mint,English,Uncommon,488003,7025103
2,Lumineon,Lumineon,SWSH11: Lost Origin,041/196,SWSH11,Normal,Near Mint,English,Uncommon,283915,5786177
2,Luvdisc,Luvdisc,SWSH07: Evolving Skies,039/203,SWSH07,Normal,Near Mint,English,Common,246854,5151053
1,Luxio (41),Luxio,Crown Zenith,041/159,CRZ,Normal,Near Mint,English,Uncommon,478145,6927155
1,Mabosstiff,Mabosstiff,SV02: Paldea Evolved,143/193,SV02,Normal,Near Mint,English,Uncommon,497656,7160293
2,Magikarp,Magikarp,SV01: Scarlet & Violet Base Set,044/198,SV1,Normal,Near Mint,English,Common,487888,7024513
1,Magmar,Magmar,Hidden Fates,Oct-68,HIF,Normal,Near Mint,English,Uncommon,197652,4169132
1,Magnemite,Magnemite,SV02: Paldea Evolved,065/193,SV02,Normal,Near Mint,English,Common,497476,7158523
1,Magnemite,Magnemite,SV03: Obsidian Flames,063/197,SV03,Normal,Near Mint,English,Common,509823,7336240
1,Magnemite,Magnemite,SV01: Scarlet & Violet Base Set,063/198,SV1,Normal,Near Mint,English,Common,487916,7024645
1,Magneton,Magneton,SV03: Obsidian Flames,064/197,SV03,Normal,Near Mint,English,Common,509826,7336265
2,Makuhita,Makuhita,SWSH08: Fusion Strike,142/264,SWSH08,Normal,Near Mint,English,Common,253352,5266880
1,Makuhita,Makuhita,SWSH11: Lost Origin,097/196,SWSH11,Normal,Near Mint,English,Common,283987,5786542
1,Mandibuzz,Mandibuzz,SWSH08: Fusion Strike,173/264,SWSH08,Normal,Near Mint,English,Uncommon,253387,5267145
1,Mareanie,Mareanie,SWSH12: Silver Tempest,114/195,SWSH12,Normal,Near Mint,English,Common,451768,6671272
1,Mareep,Mareep,SWSH06: Chilling Reign,047/198,SWSH06,Normal,Near Mint,English,Common,241704,5034255
1,Mareep,Mareep,SWSH07: Evolving Skies,054/203,SWSH07,Normal,Near Mint,English,Common,246895,5151388
1,Maschiff,Maschiff,SV02: Paldea Evolved,141/193,SV02,Normal,Near Mint,English,Common,497648,7160243
1,Mawile - 143/197,Mawile,SV03: Obsidian Flames,143/197,SV03,Normal,Near Mint,English,Uncommon,509922,7336973
1,Meditite - 110/198,Meditite,SV01: Scarlet & Violet Base Set,110/198,SV1,Normal,Near Mint,English,Common,487999,7025063
1,Meowth,Meowth,SWSH08: Fusion Strike,199/264,SWSH08,Normal,Near Mint,English,Common,253291,5266395
1,Mesagoza - 178/198,Mesagoza,SV01: Scarlet & Violet Base Set,178/198,SV1,Normal,Near Mint,English,Uncommon,488083,7025746
1,Metang,Metang,SWSH12: Silver Tempest,118/195,SWSH12,Normal,Near Mint,English,Uncommon,451772,6671312
1,Metapod,Metapod,Hidden Fates,Feb-68,HIF,Normal,Near Mint,English,Uncommon,197644,4169062
1,Mienshao,Mienshao,SWSH11: Lost Origin,104/196,SWSH11,Normal,Near Mint,English,Uncommon,283998,5786597
1,Mienshao - 097/182,Mienshao,SV04: Paradox Rift,097/182,SV04,Normal,Near Mint,English,Uncommon,523767,7496123
1,Misty's Determination,Misty's Determination,Hidden Fates,62/68,HIF,Normal,Near Mint,English,Uncommon,197717,4169679
1,Morgrem,Morgrem,SWSH02: Rebel Clash,124/192,SWSH02,Normal,Near Mint,English,Uncommon,213220,4411205
1,Morpeko - SWSH012 (General Mills Promo),Morpeko,Miscellaneous Cards & Products,SWSH012,MCAP,Holofoil,Near Mint,English,Rare,232766,4781869
1,Morpeko (036),Morpeko,Shining Fates,036/072,SHF,Normal,Near Mint,English,Common,232470,4779960
2,Morpeko (179),Morpeko,SWSH08: Fusion Strike,179/264,SWSH08,Normal,Near Mint,English,Common,253393,5267205
2,Muk,Muk,SV01: Scarlet & Violet Base Set,127/198,SV1,Normal,Near Mint,English,Uncommon,488015,7025209
1,Murkrow,Murkrow,SWSH11: Lost Origin,114/196,SWSH11,Normal,Near Mint,English,Common,284011,5786662
1,Murkrow,Murkrow,SWSH12: Silver Tempest,106/195,SWSH12,Normal,Near Mint,English,Common,451760,6671197
1,Naclstack,Naclstack,SV02: Paldea Evolved,122/193,SV02,Normal,Near Mint,English,Uncommon,497537,7158848
1,Nanu,Nanu,SM - Team Up,150/181,SM9,Normal,Near Mint,English,Uncommon,183950,3963914
1,Numel,Numel,SV03: Obsidian Flames,031/197,SV03,Normal,Near Mint,English,Common,509726,7335449
1,Nuzleaf,Nuzleaf,SWSH11: Lost Origin,012/196,SWSH11,Normal,Near Mint,English,Uncommon,283877,5785767
1,Nymble - 013/182,Nymble,SV04: Paradox Rift,013/182,SV04,Normal,Near Mint,English,Common,523612,7494977
1,Nymble - 019/193,Nymble,SV02: Paldea Evolved,019/193,SV02,Normal,Near Mint,English,Common,497430,7158293
1,Oddish,Oddish,SWSH11: Lost Origin,001/196,SWSH11,Normal,Near Mint,English,Common,283861,5785437
1,Old Cemetery,Old Cemetery,SWSH06: Chilling Reign,147/198,SWSH06,Normal,Near Mint,English,Uncommon,241850,5035405
2,Pachirisu - 068/198,Pachirisu,SV01: Scarlet & Violet Base Set,068/198,SV1,Normal,Near Mint,English,Uncommon,487922,7024675
2,Pal Pad,Pal Pad,SV01: Scarlet & Violet Base Set,182/198,SV1,Normal,Near Mint,English,Common,488088,7025791
1,Paldean Clodsire - 128/197,Paldean Clodsire,SV03: Obsidian Flames,128/197,SV03,Normal,Near Mint,English,Uncommon,509884,7336721
4,Pancham,Pancham,SWSH08: Fusion Strike,149/264,SWSH08,Normal,Near Mint,English,Common,253363,5266955
2,Panpour,Panpour,SWSH08: Fusion Strike,068/264,SWSH08,Normal,Near Mint,English,Common,253211,5265185
2,Pansage,Pansage,SWSH08: Fusion Strike,007/264,SWSH08,Normal,Near Mint,English,Common,253077,5261985
1,Paras,Paras,SM - Team Up,6/181,SM9,Normal,Near Mint,English,Common,183777,3962394
3,Pawmi,Pawmi,SV02: Paldea Evolved,074/193,SV02,Normal,Near Mint,English,Common,497485,7158568
1,Pawniard,Pawniard,SV03: Obsidian Flames,148/197,SV03,Normal,Near Mint,English,Common,509935,7337083
1,Peony,Peony,SWSH06: Chilling Reign,150/198,SWSH06,Normal,Near Mint,English,Uncommon,241855,5035445
1,Petilil,Petilil,SWSH07: Evolving Skies,009/203,SWSH07,Normal,Near Mint,English,Common,246823,5150813
1,Phantump,Phantump,SV03: Obsidian Flames,011/197,SV03,Normal,Near Mint,English,Common,509671,7335170
2,Picnic Basket,Picnic Basket,SV01: Scarlet & Violet Base Set,184/198,SV1,Normal,Near Mint,English,Uncommon,488090,7025811
1,Pidgey,Pidgey,Base Set,057/102,BS,Normal,Near Mint,English,Common,42401,463685
3,Pikachu,Pikachu,SV02: Paldea Evolved,062/193,SV02,Normal,Near Mint,English,Common,497473,7158508
1,Pikachu,Pikachu,SWSH07: Evolving Skies,049/203,SWSH07,Normal,Near Mint,English,Common,246881,5151273
1,Pikachu,Pikachu,Shining Legends,28/73,SHL,Reverse Holofoil,Near Mint,English,Common,146682,3482213
1,Pincurchin - 072/193,Pincurchin,SV02: Paldea Evolved,072/193,SV02,Normal,Near Mint,English,Common,497483,7158558
1,Pincurchin - 073/193,Pincurchin,SV02: Paldea Evolved,073/193,SV02,Normal,Near Mint,English,Uncommon,497484,7158563
1,Pokegear 3.0,Pokegear 3.0,SV01: Scarlet & Violet Base Set,186/198,SV1,Normal,Near Mint,English,Common,488092,7025831
2,Pokemon Center Lady,Pokemon Center Lady,Hidden Fates,64/68,HIF,Normal,Near Mint,English,Uncommon,197724,4169719
1,Pokemon Communication,Pokemon Communication,SM - Team Up,152/181,SM9,Normal,Near Mint,English,Uncommon,183954,3963944
1,Ponyta,Ponyta,SM - Team Up,17/181,SM9,Normal,Near Mint,English,Common,183788,3962499
1,Porygon,Porygon,SM - Burning Shadows,103/147,SM03,Normal,Near Mint,English,Common,138599,3443954
1,Potion,Potion,SV01: Scarlet & Violet Base Set,188/198,SV1,Normal,Near Mint,English,Common,488094,7045171
2,Practice Studio,Practice Studio,SV02: Paldea Evolved,186/193,SV02,Normal,Near Mint,English,Uncommon,497558,7158953
1,Professor's Research - 190/198,Professor's Research,Deck Exclusives,190/198,PR,Normal,Near Mint,English,Rare,494957,7135319
1,Purrloin,Purrloin,Crown Zenith,077/159,CRZ,Normal,Near Mint,English,Common,478215,6927790
1,Quaquaval - 054/198,Quaquaval,Deck Exclusives,054/198,PR,Normal,Near Mint,English,Rare,494950,7135288
1,Quaxly,Quaxly,SV01: Scarlet & Violet Base Set,052/198,SV1,Normal,Near Mint,English,Common,475419,6909865
1,Raichu - 064/193,Raichu,SV02: Paldea Evolved,064/193,SV02,Normal,Near Mint,English,Uncommon,497475,7158518
1,Rattata,Rattata,SM - Unbroken Bonds,143/214,SM10,Normal,Near Mint,English,Common,189243,4009628
1,Regieleki - 060/203,Regieleki,Deck Exclusives,060/203,PR,Normal,Near Mint,English,Rare,247423,5154688
3,Relicanth,Relicanth,SWSH12: Silver Tempest,044/195,SWSH12,Normal,Near Mint,English,Common,451684,6670552
1,Rellor - 025/193,Rellor,SV02: Paldea Evolved,025/193,SV02,Normal,Near Mint,English,Common,497436,7158323
1,Rock Chestplate,Rock Chestplate,SV01: Scarlet & Violet Base Set,192/198,SV1,Normal,Near Mint,English,Uncommon,475443,6910155
1,Rockruff,Rockruff,SV02: Paldea Evolved,116/193,SV02,Normal,Near Mint,English,Common,497531,7158818
1,Rolycoly,Rolycoly,SWSH02: Rebel Clash,105/192,SWSH02,Normal,Near Mint,English,Common,213193,4410995
1,Rolycoly,Rolycoly,SWSH05: Battle Styles,078/163,SWSH05,Normal,Near Mint,English,Common,234254,4822429
1,Roserade,Roserade,SWSH11: Lost Origin,015/196,SWSH11,Normal,Near Mint,English,Uncommon,283882,5785882
1,Rotom - 069/198,Rotom,SV01: Scarlet & Violet Base Set,069/198,SV1,Normal,Near Mint,English,Common,487923,7024680
1,Rusted Sword,Rusted Sword,Shining Fates,062/072,SHF,Normal,Near Mint,English,Uncommon,232543,4780375
1,Ryme,Ryme,SV03: Obsidian Flames,194/197,SV03,Normal,Near Mint,English,Common,509786,7335920
1,Sabrina's Suggestion,Sabrina's Suggestion,Hidden Fates,65/68,HIF,Normal,Near Mint,English,Uncommon,197725,4169729
1,Sabrina's Suggestion,Sabrina's Suggestion,SM - Team Up,154/181,SM9,Normal,Near Mint,English,Uncommon,183957,3963969
1,Saguaro,Saguaro,SV02: Paldea Evolved,187/193,SV02,Normal,Near Mint,English,Uncommon,497559,7158958
1,Salandit,Salandit,SWSH05: Battle Styles,027/163,SWSH05,Normal,Near Mint,English,Common,234130,4818679
2,Sandaconda,Sandaconda,SV01: Scarlet & Violet Base Set,120/198,SV1,Normal,Near Mint,English,Uncommon,488009,7025163
1,Sandile,Sandile,SWSH12: Silver Tempest,111/195,SWSH12,Normal,Near Mint,English,Common,451765,6671242
2,Sandile - 115/198,Sandile,SV01: Scarlet & Violet Base Set,115/198,SV1,Normal,Near Mint,English,Common,488004,7025113
2,Schoolboy,Schoolboy,SWSH08: Fusion Strike,238/264,SWSH08,Normal,Near Mint,English,Uncommon,253114,5262880
2,Schoolgirl,Schoolgirl,SWSH08: Fusion Strike,239/264,SWSH08,Normal,Near Mint,English,Uncommon,253116,5262895
1,Scovillain,Scovillain,SV03: Obsidian Flames,025/197,SV03,Holofoil,Near Mint,English,Rare,509776,7335829
1,Scovillain - 029/198,Scovillain,SV01: Scarlet & Violet Base Set,029/198,SV1,Normal,Near Mint,English,Uncommon,487868,7024413
1,Scrafty,Scrafty,SWSH07: Evolving Skies,099/203,SWSH07,Normal,Near Mint,English,Uncommon,246905,5151463
1,Scraggy,Scraggy,Shining Legends,50/73,SHL,Normal,Near Mint,English,Common,146712,3482478
1,Scyther,Scyther,Hidden Fates,May-68,HIF,Normal,Near Mint,English,Uncommon,197647,4169092
1,Seedot,Seedot,SWSH07: Evolving Skies,005/203,SWSH07,Normal,Near Mint,English,Common,246820,5150793
2,Seel,Seel,Crown Zenith,029/159,CRZ,Normal,Near Mint,English,Common,478128,6927000
1,Serena,Serena,SWSH12: Silver Tempest,164/195,SWSH12,Normal,Near Mint,English,Uncommon,451812,6671687
1,Seviper,Seviper,SWSH11: Lost Origin,116/196,SWSH11,Normal,Near Mint,English,Uncommon,284015,5786682
1,Seviper,Seviper,SV01: Scarlet & Violet Base Set,128/198,SV1,Normal,Near Mint,English,Common,488016,7025219
1,Seviper,Seviper,SV02: Paldea Evolved,137/193,SV02,Normal,Near Mint,English,Uncommon,497635,7160158
1,Shauna,Shauna,SWSH08: Fusion Strike,240/264,SWSH08,Normal,Near Mint,English,Uncommon,253117,5262905
1,Shauna - 240/264 (#59 Cinderace Stamped),Shauna,Battle Academy 2022,240/264,BA22,Normal,Near Mint,English,Rare,268157,5485329
1,Shellos,Shellos,SWSH11: Lost Origin,039/196,SWSH11,Normal,Near Mint,English,Common,283913,5786167
1,Shelmet,Shelmet,SWSH08: Fusion Strike,013/264,SWSH08,Normal,Near Mint,English,Common,253087,5262455
1,Shinx,Shinx,SWSH02: Rebel Clash,060/192,SWSH02,Normal,Near Mint,English,Common,213141,4410545
1,Shinx - 068/193,Shinx,SV02: Paldea Evolved,068/193,SV02,Normal,Near Mint,English,Common,497479,7158538
1,Shinx - 091/264 (#20 Pikachu Stamped),Shinx,Battle Academy 2022,091/264,BA22,Normal,Near Mint,English,Rare,268226,5485679
1,Shinx (39),Shinx,Crown Zenith,039/159,CRZ,Normal,Near Mint,English,Common,478141,6927125
1,Shinx (40),Shinx,Crown Zenith,040/159,CRZ,Normal,Near Mint,English,Common,478144,6927145
2,Shuppet,Shuppet,SWSH11: Lost Origin,072/196,SWSH11,Normal,Near Mint,English,Common,283949,5786352
2,Sidney,Sidney,SWSH08: Fusion Strike,241/264,SWSH08,Normal,Near Mint,English,Uncommon,253119,5262920
1,Siebold,Siebold,SWSH06: Chilling Reign,153/198,SWSH06,Normal,Near Mint,English,Uncommon,241861,5035490
1,Sigilyph,Sigilyph,SWSH12: Silver Tempest,075/195,SWSH12,Normal,Near Mint,English,Uncommon,451729,6670897
1,Sizzlipede - 046/264 (#1 Cinderace Stamped),Sizzlipede,Battle Academy 2022,046/264,BA22,Normal,Near Mint,English,Rare,268077,5484929
1,Skaters' Park,Skaters' Park,SWSH08: Fusion Strike,242/264,SWSH08,Normal,Near Mint,English,Uncommon,253121,5262935
1,Skrelp,Skrelp,Crown Zenith,081/159,CRZ,Normal,Near Mint,English,Common,478220,6927835
2,Slakoth,Slakoth,SV02: Paldea Evolved,160/193,SV02,Normal,Near Mint,English,Common,497578,7159403
1,Slugma,Slugma,SWSH11: Lost Origin,021/196,SWSH11,Normal,Near Mint,English,Common,283892,5786022
3,Slurpuff,Slurpuff,SWSH12: Silver Tempest,084/195,SWSH12,Normal,Near Mint,English,Uncommon,451738,6670987
2,Smeargle,Smeargle,SWSH12: Silver Tempest,137/195,SWSH12,Normal,Near Mint,English,Common,451789,6671472
1,Snorunt,Snorunt,SWSH12: Silver Tempest,041/195,SWSH12,Normal,Near Mint,English,Common,451677,6670502
2,Snover,Snover,SWSH06: Chilling Reign,009/198,SWSH06,Normal,Near Mint,English,Common,241658,5033850
5,Solosis,Solosis,SWSH12: Silver Tempest,076/195,SWSH12,Normal,Near Mint,English,Common,451730,6670907
1,Spewpa,Spewpa,SV01: Scarlet & Violet Base Set,009/198,SV1,Normal,Near Mint,English,Common,487840,7024273
1,Spicy Seasoned Curry,Spicy Seasoned Curry,SWSH10: Astral Radiance,151/189,SWSH10,Normal,Near Mint,English,Uncommon,272403,5595086
2,Spinarak,Spinarak,SWSH12: Silver Tempest,003/195,SWSH12,Normal,Near Mint,English,Common,451622,6670077
2,Spinda,Spinda,SWSH12: Silver Tempest,141/195,SWSH12,Normal,Near Mint,English,Common,451791,6671487
1,Spiritomb,Spiritomb,Shining Legends,47/73,SHL,Normal,Near Mint,English,Uncommon,146709,3482448
1,Spoink,Spoink,SWSH05: Battle Styles,055/163,SWSH05,Normal,Near Mint,English,Common,234221,4821794
1,Sprigatito - 013/193,Sprigatito,SV02: Paldea Evolved,013/193,SV02,Normal,Near Mint,English,Common,497424,7158263
1,Squirtle,Squirtle,SM - Unbroken Bonds,33/214,SM10,Normal,Near Mint,English,Common,189088,4008348
1,Squirtle (23),Squirtle,SM - Team Up,23/181,SM9,Normal,Near Mint,English,Common,183794,3962559
1,Staravia,Staravia,SV01: Scarlet & Violet Base Set,149/198,SV1,Normal,Near Mint,English,Common,488038,7025405
2,Stufful,Stufful,SWSH08: Fusion Strike,150/264,SWSH08,Normal,Near Mint,English,Common,253364,5266960
1,Stunfisk,Stunfisk,SWSH12: Silver Tempest,055/195,SWSH12,Normal,Near Mint,English,Common,451711,6670742
1,Sudowoodo,Sudowoodo,SWSH11: Lost Origin,094/196,SWSH11,Normal,Near Mint,English,Common,283982,5786517
1,Sunflora,Sunflora,SWSH12: Silver Tempest,006/195,SWSH12,Normal,Near Mint,English,Uncommon,451626,6670112
2,Swablu,Swablu,SWSH12: Silver Tempest,142/195,SWSH12,Normal,Near Mint,English,Common,451792,6671497
1,Swablu,Swablu,SWSH07: Evolving Skies,132/203,SWSH07,Normal,Near Mint,English,Common,246863,5151128
1,Switch,Switch,SV01: Scarlet & Violet Base Set,194/198,SV1,Normal,Near Mint,English,Common,488102,7025891
1,Tadbulb - 078/193,Tadbulb,SV02: Paldea Evolved,078/193,SV02,Normal,Near Mint,English,Common,497489,7158588
1,Tadbulb 074/197,Tadbulb 074/197,SV03: Obsidian Flames,074/197,SV03,Normal,Near Mint,English,Common,509850,7336455
2,Tandemaus - 160/198,Tandemaus,SV01: Scarlet & Violet Base Set,160/198,SV1,Normal,Near Mint,English,Common,488056,7025536
1,Tangela,Tangela,SM - Unbroken Bonds,16/214,SM10,Normal,Near Mint,English,Common,189058,4008038
1,Tarountula - 016/193,Tarountula,SV02: Paldea Evolved,016/193,SV02,Normal,Near Mint,English,Common,497427,7158278
2,Tarountula - 018/198,Tarountula,SV01: Scarlet & Violet Base Set,018/198,SV1,Normal,Near Mint,English,Common,487855,7024348
2,Tatsugiri,Tatsugiri,SV01: Scarlet & Violet Base Set,062/198,SV1,Normal,Near Mint,English,Uncommon,487914,7024635
1,Tauros,Tauros,SM - Team Up,129/181,SM9,Normal,Near Mint,English,Uncommon,183918,3963654
1,Team Yell Towel,Team Yell Towel,Shining Fates,063/072,SHF,Normal,Near Mint,English,Uncommon,232542,4780365
2,Teddiursa,Teddiursa,SWSH07: Evolving Skies,126/203,SWSH07,Normal,Near Mint,English,Common,246848,5151008
2,Tentacool,Tentacool,SM - Unbroken Bonds,40/214,SM10,Normal,Near Mint,English,Common,189116,4008518
1,Tentacool,Tentacool,SWSH07: Evolving Skies,026/203,SWSH07,Normal,Near Mint,English,Common,246819,5150783
1,Terrakion,Terrakion,SWSH12: Silver Tempest,097/195,SWSH12,Holofoil,Near Mint,English,Holo Rare,451751,6671112
1,Toedscool,Toedscool,SV03: Obsidian Flames,118/197,SV03,Normal,Near Mint,English,Common,509866,7336585
1,Toedscool - 025/198,Toedscool,SV01: Scarlet & Violet Base Set,025/198,SV1,Normal,Near Mint,English,Common,487862,7024383
1,Tool Box,Tool Box,SWSH11: Lost Origin,168/196,SWSH11,Normal,Near Mint,English,Uncommon,284101,5787109
1,Torkoal,Torkoal,SWSH11: Lost Origin,023/196,SWSH11,Normal,Near Mint,English,Uncommon,283894,5786047
1,Toxicroak,Toxicroak,SWSH12: Silver Tempest,110/195,SWSH12,Normal,Near Mint,English,Uncommon,451764,6671232
1,Toxicroak,Toxicroak,SV02: Paldea Evolved,115/193,SV02,Normal,Near Mint,English,Uncommon,497530,7158813
1,Toxtricity - 072/197,Toxtricity,Deck Exclusives,072/197,PR,Normal,Near Mint,English,Rare,515290,7424343
1,Trevenant,Trevenant,SV03: Obsidian Flames,012/197,SV03,Normal,Near Mint,English,Uncommon,509672,7335180
1,Tropius,Tropius,SV01: Scarlet & Violet Base Set,007/198,SV1,Normal,Near Mint,English,Common,487838,7024263
2,Tropius - 007/193,Tropius,SV02: Paldea Evolved,007/193,SV02,Normal,Near Mint,English,Common,497418,7158233
1,Trubbish,Trubbish,SWSH08: Fusion Strike,168/264,SWSH08,Normal,Near Mint,English,Common,253382,5267095
1,Tympole,Tympole,SWSH02: Rebel Clash,044/192,SWSH02,Normal,Near Mint,English,Common,213123,4410390
2,Tympole,Tympole,SWSH07: Evolving Skies,042/203,SWSH07,Normal,Near Mint,English,Common,246858,5151088
1,Tympole,Tympole,SV03: Obsidian Flames,050/197,SV03,Normal,Near Mint,English,Common,509775,7335819
1,Unidentified Fossil,Unidentified Fossil,SWSH12: Silver Tempest,165/195,SWSH12,Normal,Near Mint,English,Uncommon,451813,6671697
1,Ursaring,Ursaring,SWSH07: Evolving Skies,127/203,SWSH07,Normal,Near Mint,English,Uncommon,246850,5151023
1,Varoom - 141/198,Varoom,SV01: Scarlet & Violet Base Set,141/198,SV1,Normal,Near Mint,English,Common,488029,7025329
1,Varoom - 155/197,Varoom,SV03: Obsidian Flames,155/197,SV03,Normal,Near Mint,English,Common,509942,7337148
1,Veluza - 056/193,Veluza,SV02: Paldea Evolved,056/193,SV02,Holofoil,Near Mint,English,Rare,497467,7158478
1,Venonat (9),Venonat,SM - Unbroken Bonds,9/214,SM10,Normal,Near Mint,English,Common,189047,4007953
1,Venusaur,Venusaur,Shining Legends,Mar-73,SHL,Normal,Near Mint,English,Uncommon,146655,3481952
2,Vespiquen,Vespiquen,SV02: Paldea Evolved,009/193,SV02,Normal,Near Mint,English,Uncommon,497420,7158243
1,Viridian Forest,Viridian Forest,SM - Team Up,156/181,SM9,Normal,Near Mint,English,Uncommon,183960,3963994
1,Virizion,Virizion,SWSH12: Silver Tempest,014/195,SWSH12,Normal,Near Mint,English,Rare,451642,6670222
3,Vitality Band,Vitality Band,SV01: Scarlet & Violet Base Set,197/198,SV1,Normal,Near Mint,English,Uncommon,488107,7025931
1,Vivillon,Vivillon,SV01: Scarlet & Violet Base Set,010/198,SV1,Normal,Near Mint,English,Uncommon,487842,7024283
1,Voltorb,Voltorb,SM - Team Up,38/181,SM9,Normal,Near Mint,English,Common,183811,3962714
1,Vullaby,Vullaby,SWSH02: Rebel Clash,119/192,SWSH02,Normal,Near Mint,English,Common,213213,4411155
2,Vullaby,Vullaby,SWSH08: Fusion Strike,172/264,SWSH08,Normal,Near Mint,English,Common,253386,5267135
1,Vulpix,Vulpix,SV03: Obsidian Flames,028/197,SV03,Normal,Near Mint,English,Common,509717,7335392
5,Wailmer,Wailmer,SWSH12: Silver Tempest,037/195,SWSH12,Normal,Near Mint,English,Common,451671,6670452
1,Wailmer,Wailmer,Crown Zenith,031/159,CRZ,Normal,Near Mint,English,Common,478130,6927020
3,Wattrel - 081/193,Wattrel,SV02: Paldea Evolved,081/193,SV02,Normal,Near Mint,English,Common,497492,7158603
2,Wooloo (222),Wooloo,SWSH08: Fusion Strike,222/264,SWSH08,Normal,Near Mint,English,Common,253323,5266655
1,Wurmple,Wurmple,SWSH11: Lost Origin,006/196,SWSH11,Normal,Near Mint,English,Common,283870,5785587
1,Zangoose - 146/198,Zangoose,SV01: Scarlet & Violet Base Set,146/198,SV1,Normal,Near Mint,English,Common,488035,7025375
1,Zangoose - 147/198,Zangoose,SV01: Scarlet & Violet Base Set,147/198,SV1,Normal,Near Mint,English,Uncommon,488036,7025385
1,Zisu,Zisu,SWSH10: Astral Radiance,159/189,SWSH10,Normal,Near Mint,English,Uncommon,272411,5595166
1,Zoroark - 171/264 (Eevee Stamped),Zoroark,Battle Academy 2022,171/264,BA22,Normal,Near Mint,English,Rare,268243,5485764
1,Bergmite,Bergmite,SWSH07: Evolving Skies,044/203,SWSH07,Normal,Near Mint,English,Common,246868,5151168
1,Eiscue,Eiscue,SWSH07: Evolving Skies,047/203,SWSH07,Normal,Near Mint,English,Uncommon,246876,5151233
1,Marill,Marill,SM - Burning Shadows,34/147,SM03,Normal,Near Mint,English,Common,138514,3442929
1,Croconaw,Croconaw,Shining Legends,19/73,SHL,Normal,Near Mint,English,Common,146672,3482117
1,Buizel,Buizel,Shining Legends,22/73,SHL,Normal,Near Mint,English,Common,146675,3482147
1,Corphish,Corphish,Crown Zenith,033/159,CRZ,Normal,Near Mint,English,Common,478132,6927040
2,Wailord,Wailord,SWSH12: Silver Tempest,038/195,SWSH12,Normal,Near Mint,English,Uncommon,451673,6670467
1,Delibird,Delibird,SWSH06: Chilling Reign,032/198,SWSH06,Normal,Near Mint,English,Common,241685,5034095
1,Unidentified Fossil,Unidentified Fossil,SM - Forbidden Light,116/131,SM06,Normal,Near Mint,English,Uncommon,165778,3643498
1,Morgan,Morgan,SM - Team Up,149/181,SM9,Normal,Near Mint,English,Uncommon,183949,3963904
2,Indeedee,Indeedee,SWSH12: Silver Tempest,086/195,SWSH12,Normal,Near Mint,English,Common,451740,6671007
3,Jynx,Jynx,SWSH12: Silver Tempest,062/195,SWSH12,Normal,Near Mint,English,Uncommon,451716,6670787
2,Drakloak,Drakloak,SWSH12: Silver Tempest,088/195,SWSH12,Normal,Near Mint,English,Uncommon,451742,6671027
1,Dedenne,Dedenne,SWSH12: Silver Tempest,085/195,SWSH12,Normal,Near Mint,English,Uncommon,451739,6670997
4,Ralts,Ralts,SWSH12: Silver Tempest,067/195,SWSH12,Normal,Near Mint,English,Common,451721,6670827
1,Hypno,Hypno,SWSH12: Silver Tempest,061/195,SWSH12,Normal,Near Mint,English,Uncommon,451715,6670777
1,Misdreavus,Misdreavus,SWSH12: Silver Tempest,063/195,SWSH12,Normal,Near Mint,English,Common,451717,6670797
3,Chimecho,Chimecho,SWSH12: Silver Tempest,074/195,SWSH12,Normal,Near Mint,English,Common,451728,6670887
2,Dreepy,Dreepy,SWSH12: Silver Tempest,087/195,SWSH12,Normal,Near Mint,English,Common,451741,6671017
1,Haunter,Haunter,SWSH06: Chilling Reign,056/198,SWSH06,Normal,Near Mint,English,Uncommon,241715,5034350
1,Inkay,Inkay,SWSH06: Chilling Reign,069/198,SWSH06,Normal,Near Mint,English,Common,241730,5034485
4,Espurr,Espurr,SWSH12: Silver Tempest,081/195,SWSH12,Normal,Near Mint,English,Common,451735,6670957
1,Meditite,Meditite,SWSH12: Silver Tempest,072/195,SWSH12,Normal,Near Mint,English,Common,451726,6670867
1,Ralts,Ralts,SWSH06: Chilling Reign,059/198,SWSH06,Normal,Near Mint,English,Common,241720,5034385
1,Gastly,Gastly,SWSH06: Chilling Reign,055/198,SWSH06,Normal,Near Mint,English,Common,241714,5034340
1,Espeon,Espeon,SV03: Obsidian Flames,086/197,SV03,Normal,Near Mint,English,Uncommon,509848,7336440
1,Galarian Corsola,Galarian Corsola,SWSH02: Rebel Clash,078/192,SWSH02,Normal,Near Mint,English,Common,213164,4410725
1,Arbok,Arbok,Shining Legends,37/73,SHL,Normal,Near Mint,English,Uncommon,146705,3482408
1,Jynx,Jynx,Shining Legends,38/73,SHL,Normal,Near Mint,English,Common,146706,3482418
1,Wobbuffet,Wobbuffet,SM - Burning Shadows,49/147,SM03,Normal,Near Mint,English,Uncommon,138531,3443109
1,Indeedee V,Indeedee V,SWSH01: Sword & Shield Base Set,091/202,SWSH01,Holofoil,Near Mint,English,Ultra Rare,206052,4283861
1,Gothorita - 091/193,Gothorita,SV02: Paldea Evolved,091/193,SV02,Normal,Near Mint,English,Uncommon,497506,7158693
1,Kirlia,Kirlia,SWSH12: Silver Tempest,068/195,SWSH12,Normal,Near Mint,English,Uncommon,451722,6670837
1,Greavard - 105/198,Greavard,SV01: Scarlet & Violet Base Set,105/198,SV1,Normal,Near Mint,English,Common,487981,7024967
1,Gardevoir,Gardevoir,SWSH12: Silver Tempest,069/195,SWSH12,Normal,Near Mint,English,Rare,451723,6670847
1,Cleffa,Cleffa,SV03: Obsidian Flames,080/197,SV03,Normal,Near Mint,English,Common,509809,7336135
1,Mawile - 089/197,Mawile,SV03: Obsidian Flames,089/197,SV03,Normal,Near Mint,English,Common,511758,7352763
4,Klang,Klang,SWSH12: Silver Tempest,124/195,SWSH12,Normal,Near Mint,English,Uncommon,451777,6671362
3,Klink,Klink,SWSH12: Silver Tempest,123/195,SWSH12,Normal,Near Mint,English,Common,451776,6671352
4,Ferrothorn,Ferrothorn,SWSH12: Silver Tempest,122/195,SWSH12,Normal,Near Mint,English,Uncommon,451775,6671342
6,Ferroseed,Ferroseed,SWSH12: Silver Tempest,121/195,SWSH12,Normal,Near Mint,English,Common,451774,6671332
5,Togedemaru,Togedemaru,SWSH12: Silver Tempest,127/195,SWSH12,Normal,Near Mint,English,Common,451780,6671392
3,Beldum,Beldum,SWSH12: Silver Tempest,117/195,SWSH12,Normal,Near Mint,English,Common,451771,6671302
1,Bisharp,Bisharp,Crown Zenith,093/159,CRZ,Normal,Near Mint,English,Uncommon,478231,6927945
1,Pawniard (92),Pawniard,Crown Zenith,092/159,CRZ,Normal,Near Mint,English,Common,478230,6927935
1,Metang,Metang,Crown Zenith,090/159,CRZ,Normal,Near Mint,English,Uncommon,478228,6927915
1,Honedge,Honedge,SWSH02: Rebel Clash,133/192,SWSH02,Normal,Near Mint,English,Common,213229,4411295
1,Probopass,Probopass,SWSH02: Rebel Clash,131/192,SWSH02,Normal,Near Mint,English,Rare,213227,4411275
2,Cufant,Cufant,SWSH08: Fusion Strike,191/264,SWSH08,Normal,Near Mint,English,Common,253345,5266825
1,Galarian Stunfisk,Galarian Stunfisk,SWSH11: Lost Origin,127/196,SWSH11,Normal,Near Mint,English,Uncommon,284044,5786828
1,Skarmory,Skarmory,SWSH08: Fusion Strike,182/264,SWSH08,Normal,Near Mint,English,Common,253329,5266705
1,Excadrill,Excadrill,SWSH08: Fusion Strike,183/264,SWSH08,Normal,Near Mint,English,Uncommon,253331,5266720
1,Sinistea,Sinistea,SV03: Obsidian Flames,097/197,SV03,Normal,Near Mint,English,Common,509930,7337033
1,Jigglypuff,Jigglypuff,SV02: Paldea Evolved,083/193,SV02,Normal,Near Mint,English,Common,497496,7158633
1,Dedenne - 095/198,Dedenne,SV01: Scarlet & Violet Base Set,095/198,SV1,Normal,Near Mint,English,Common,487054,7020400
1,Togekiss,Togekiss,Deck Exclusives,085/197,PR,Normal,Near Mint,English,Rare,515288,7424333
1,Ralts - 084/198,Ralts,SV01: Scarlet & Violet Base Set,084/198,SV1,Normal,Near Mint,English,Common,487948,7024802
1,Florges,Florges,SV01: Scarlet & Violet Base Set,093/198,SV1,Normal,Near Mint,English,Uncommon,487960,7024862
1,Quaxly - 050/193,Quaxly,SV02: Paldea Evolved,050/193,SV02,Normal,Near Mint,English,Common,497461,7158448
1,Florges,Florges,SM - Cosmic Eclipse,152/236,SM12,Holofoil,Near Mint,English,Holo Rare,201646,4259430
1,Hawlucha,Hawlucha,SV01: Scarlet & Violet Base Set,118/198,SV1,Holofoil,Near Mint,English,Rare,488007,7025143
1,Indeedee,Indeedee,SV01: Scarlet & Violet Base Set,153/198,SV1,Holofoil,Near Mint,English,Rare,488045,7025460
2,Charizard,Charizard,SWSH04: Vivid Voltage,025/185,SWSH04,Normal,Near Mint,English,Rare,226395,4660885
1,Foongus,Foongus,SV03: Obsidian Flames,009/197,SV03,Normal,Near Mint,English,Common,509665,7335133
1,Trevenant,Trevenant,SV03: Obsidian Flames,012/197,SV03,Normal,Near Mint,English,Uncommon,509672,7335180
1,Grumpig,Grumpig,SV03: Obsidian Flames,091/197,SV03,Normal,Near Mint,English,Uncommon,509867,7336595
1,Litwick,Litwick,SV03: Obsidian Flames,036/197,SV03,Normal,Near Mint,English,Common,509737,7335545
1,Mankey,Mankey,SWSH05: Battle Styles,066/163,SWSH05,Normal,Near Mint,English,Common,234242,4822329
1,Spearow,Spearow,SWSH05: Battle Styles,111/163,SWSH05,Normal,Near Mint,English,Common,234150,4819229
1,Jellicent,Jellicent,SWSH05: Battle Styles,042/163,SWSH05,Normal,Near Mint,English,Rare,234185,4830552
1,Fomantis,Fomantis,SWSH05: Battle Styles,014/163,SWSH05,Normal,Near Mint,English,Common,234075,4817194
1,Octillery - 037/163,Octillery,Deck Exclusives,037/163,PR,Normal,Near Mint,English,Rare,234561,4832614
1,Luxio,Luxio,SWSH05: Battle Styles,047/163,SWSH05,Normal,Near Mint,English,Uncommon,234198,4820534
1,Tyranitar,Tyranitar,SWSH03: Darkness Ablaze,088/189,SWSH03,Holofoil,Near Mint,English,Holo Rare,219477,4517320
1,Durant,Durant,SWSH05: Battle Styles,010/163,SWSH05,Normal,Near Mint,English,Uncommon,234061,4816824
1,Remoraid,Remoraid,SWSH05: Battle Styles,036/163,SWSH05,Normal,Near Mint,English,Common,234168,4819559
1,Mawile,Mawile,SWSH05: Battle Styles,100/163,SWSH05,Normal,Near Mint,English,Common,234186,4820239
1,Larvitar,Larvitar,SWSH03: Darkness Ablaze,086/189,SWSH03,Normal,Near Mint,English,Common,219474,4517295
1,Pupitar,Pupitar,SWSH03: Darkness Ablaze,087/189,SWSH03,Normal,Near Mint,English,Uncommon,219476,4517310
1,Nosepass,Nosepass,SV03: Obsidian Flames,107/197,SV03,Normal,Near Mint,English,Common,509795,7336005
1,Palafin - 062/197,Palafin,Deck Exclusives,062/197,PR,Normal,Near Mint,English,Rare,515291,7424348
1,Togedemaru,Togedemaru,SV03: Obsidian Flames,151/197,SV03,Normal,Near Mint,English,Common,509938,7337113
1,Bellibolt - 077/197,Bellibolt,SV03: Obsidian Flames,077/197,SV03,Normal,Near Mint,English,Uncommon,509858,7336520
1,Lechonk - 180/197,Lechonk,SV03: Obsidian Flames,180/197,SV03,Normal,Near Mint,English,Common,509760,7335688
1,Pidgey - 207/197,Pidgey,SV03: Obsidian Flames,207/197,SV03,Holofoil,Near Mint,English,Illustration Rare,509955,7337228
